{
  "feature_names": [
    "u-g",
    "g-r",
    "r-i",
    "i-z",
    "u-r",
    "g-i",
    "r-z",
    "u-i",
    "u",
    "g",
    "r",
    "i",
    "z"
  ],
  "n_features": 13,
  "class_names": [
    "A",
    "B",
    "F",
    "G",
    "K",
    "M",
    "O"
  ],
  "n_classes": 7,
  "scaler_mean": [
    1.7717553814725862,
    0.8067478945491904,
    0.3384800182469832,
    0.17807374788788155,
    2.578503276021776,
    1.145227912796174,
    0.5165537661348641,
    2.91698329426876,
    19.444737977319594,
    17.672982595846964,
    16.866234701297785,
    16.527754683050805,
    16.349680935162915
  ],
  "scaler_scale": [
    0.9522938461433964,
    0.6410467159461165,
    0.444318156851684,
    0.37640909619021573,
    1.5121241893214448,
    0.9601781711306686,
    0.6860823751498943,
    1.8225067707263154,
    2.1232253726691463,
    1.7726982233067208,
    1.7391694136293676,
    1.8104464080007263,
    1.902021559477471
  ]
}